No,V_abs,V_angle,V_angle_deg,P_gen,Q_gen,P_load,Q_load,G_shunt,B_shunt,type
1,1.04,0,0,0.716,0.27,0,0,0,0,1
2,1.025,0.163188285,9.3,1.63,0.049,0,0,0,0,2
3,1.025,0.089709924,4.7,0.85,-0.1145,0,0,0,0,2
4,1.026,-0.038397244,-2.2,0,0,0,0,0,0,3
5,0.996,-0.064228116,-4,0,0,1.25,0.5,0,0,3
6,1.013,-0.062308254,-3.7,0,0,0.9,0.3,0,0,3
7,1.026,0.066322512,3.7,0,0,0,0,0,0,3
8,1.016,0.023387412,0.7,0,0,1,0.35,0,0,3
9,1.032,0.042586034,2,0,0,0,0,0,0,3