No_machine,Xd,Xd_p,Xq,Td_p,M,D,SetClass,SetMethod,ID
1,0.1,0.031,0.069,10.2,84,4,avr_IEEE_DC1,set_avr,1
2,0.295,0.0697,0.282,6.56,60.4,9.75,avr_IEEE_DC1,set_avr,2
3,0.2495,0.0531,0.237,5.7,71.6,10,avr_IEEE_DC1,set_avr,3
4,0.262,0.0436,0.258,5.69,57.2,10,avr_IEEE_DC1,set_avr,4
5,0.33,0.066,0.31,5.4,52,3,avr_IEEE_DC1,set_avr,5
6,0.254,0.05,0.241,7.3,69.6,10,avr_IEEE_DC1,set_avr,6
7,0.295,0.049,0.292,5.66,52.8,8,avr_IEEE_DC1,set_avr,7
8,0.29,0.057,0.28,6.7,48.6,9,avr_IEEE_DC1,set_avr,8
9,0.2106,0.057,0.205,4.79,69,14,"avr_IEEE_ST1,pss_IEEE_PSS1","set_avr,set_pss",9
10,0.169,0.0457,0.115,9.37,62,5.56,avr,set_avr,10
11,0.128,0.018,0.123,4.1,56.4,13.6,avr,set_avr,11
12,0.101,0.031,0.095,7.4,184.6,13.5,avr,set_avr,12
13,0.0296,0.0055,0.0286,5.9,496,33,avr,set_avr,13
14,0.018,0.00285,0.0173,4.1,600,100,avr,set_avr,14
15,0.018,0.00285,0.0173,4.1,600,100,avr,set_avr,15
16,0.0356,0.0071,0.0334,7.8,450,50,avr,set_avr,16