No,V_abs,V_angle,V_angle_deg,P_gen,Q_gen,P_load,Q_load,G_shunt,B_shunt,type
1,1.04,0,0,0.716,0.27,0,0,0,0,1
2,1.025,0.16231562,9.3,1.63,0.067,0,0,0,0,2
3,1.025,0.082030475,4.7,0.85,-0.109,0,0,0,0,2
4,1.026,-0.038397244,-2.2,0,0,0,0,0,0,3
5,0.996,-0.06981317,-4,0,0,1.25,0.5,0,0,3
6,1.013,-0.064577182,-3.7,0,0,0.9,0.3,0,0,3
7,1.026,0.064577182,3.7,0,0,0,0,0,0,3
8,1.016,0.012217305,0.7,0,0,1,0.35,0,0,3
9,1.032,0.034906585,2,0,0,0,0,0,0,3