No_machine,No_bus,Xd,Xd_prime,Xq,Xq_prime,T,Tdo,Tqo,H,M,D
1,1,0.146,0.0608,0.0969,0.0969,8.96,8.96,0.31,23.64,0.125414095,0.01254141
2,2,0.8958,0.1198,0.8645,0.1969,6,6,0.535,6.4,0.033953055,0.006790611
3,3,1.3125,0.1813,1.2578,0.25,5.89,5.89,0.6,3.01,0.015968546,0.004790564